Valeur;Occurrences;Pourcentage
Photo Icloud;44969;75,84
dossier sans titre;1097;1,85
SHOOT  CV INES;838;1,41
STAGE 22;778;1,31
PORTO;492;0,83
Links;475;0,8
WORKSHOP XXL;398;0,67
retouches;382;0,64
ChambreRituelle_MaquetteFinale_Photoshoot;378;0,64
ZOOM MATIÈRE;294;0,5
ALES - 24.08;285;0,48
HERBIER;238;0,4
GRECE 22;202;0,34
FETE GALGAN;193;0,33
PHOTO_10JANVIER;172;0,29
Journée Noel école;166;0,28
SOIRÉE POST WORKSHOP Novembre;164;0,28
CARNET TECHNO;150;0,25
testanim;150;0,25
HALLES;142;0,24
CHAMBRE;136;0,23
LYCEE;135;0,23
Demie finale CDDM;133;0,22
EX-MAC;129;0,22
PLACE DU CHATELET;106;0,18
01_DOCS PORTFOLIO;103;0,17
Adobe Premiere Pro Auto-Save;101;0,17
phtoto site;70;0,12
PhototIF_2024-06-24_230053;69;0,12
Photo_2024-06-24_230053;69;0,12
OUESSENAN;64;0,11
02_PREZ MASTER;64;0,11
BOULLE 2.0;63;0,11
ECOLE DUBREUUIL;63;0,11
01.2_DIAGNOSTIC;61;0,1
PDF;60;0,1
FASTUDIO;60;0,1
06_CONOURS ENSCI;59;0,1
Documents à transmettre en dossier ZIP;57;0,1
02. 3D;57;0,1
Sans titre.PRV;57;0,1
LIT rendu intermediaires;57;0,1
Texture Eau;53;0,09
Toits parisiens;52;0,09
08_PROJET;51;0,09
10_SOUTENANCEC;51;0,09
01_MEMOIRE;49;0,08
video semaine workshop ;48;0,08
IBMH 22;48;0,08
textures;48;0,08
01_MP4;48;0,08
EXPE.;48;0,08
221216;47;0,08
diapo;46;0,08
VUES_CHAMBERY_290619;45;0,08
Territoire proche;45;0,08
olineaire.PRV;43;0,07
IBMH;43;0,07
Cohabitatio InterGenerationelle;43;0,07
100MEDIA;42;0,07
2019-2020 PERSO;41;0,07
janv-21;41;0,07
CARTES SOURCÉES;38;0,06
doc com;38;0,06
PHOTOS;38;0,06
gouttes sur...;36;0,06
DOC COMMUNICATIONS;36;0,06
SETE;36;0,06
MAQUETTE RECHERCHE;35;0,06
dessins;35;0,06
PROD. FINALE;35;0,06
Clip Aout;34;0,06
Nogaro _ JUL 22;33;0,06
Petite ceinture;33;0,06
prop1_vues606;33;0,06
REFS IMAGES;32;0,05
04_EDITO_SEPTEMBRE;32;0,05
PHOTOSHOOT;32;0,05
00_SCANS;31;0,05
07_SWEAT 2324;31;0,05
Modele vivant;31;0,05
LUMIERES ROUGES BLEUES;31;0,05
01. CARTE REALISES;31;0,05
104;30;0,05
DCE 15MAI;30;0,05
09-avr;29;0,05
PHOTO STAGE;29;0,05
goutte rouge;29;0,05
blender;29;0,05
maquette recherche ;28;0,05
SOLO delinaisons;28;0,05
240505_Économie_JOUSSETColnie;28;0,05
INFO_VALORISATION CROQUIS;28;0,05
SWEAT 2022;27;0,05
VIDEO;27;0,05
CHAMBRE_L2_DOCCOM;27;0,05
01.4_VIDEO;27;0,05
230927_EditoSept;26;0,04
ELITE;26;0,04
01_MOSAIQUES REF;26;0,04
Photo_2024-04-29_223219;26;0,04
04_3D;26;0,04
Backup;26;0,04
export1;26;0,04
refs;25;0,04
GENERATION ACTIVE;25;0,04
Maquette finale SHOOT;25;0,04
ARCHIVES PHOTO;25;0,04
Photo maquette finale;25;0,04
MAPPING;24;0,04
Affiches finales;23;0,04
tests 23 avril;23;0,04
09_CARNET TECHNIQUE;23;0,04
Territoire Large;23;0,04
00_RAPPORT DE STAGE;23;0,04
SOIRÉE;23;0,04
sortir du cadre;23;0,04
RETOU_ARCHITECTURE;22;0,04
avr-21;22;0,04
11_DOCS COMS;22;0,04
comité des fêtes;22;0,04
LOT;22;0,04
site web;21;0,04
plan montageg;21;0,04
DOCUMENTS COMMUNICATIONS;21;0,04
TECHNO_CARNET-CENTREPOMPIDOU;21;0,04
ISO ;21;0,04
vues;21;0,04
JPG;20;0,03
video goutte rouge;20;0,03
WORKSHOP COSTUME;20;0,03
07_PHOTO_ILLUSTRATION;20;0,03
PLANS ETOILES;20;0,03
that deuil national;20;0,03
scan;20;0,03
PAINTIT BLACK VIDEO;20;0,03
texte;19;0,03
TSF_VILLA SEURAT;19;0,03
RODEZ;19;0,03
V2;19;0,03
02_CVs;19;0,03
01_PSD;19;0,03
RETOUCHES;18;0,03
MEDIATHEQUE;18;0,03
AUTRES;18;0,03
Noir&Blanc;18;0,03
ceur de verre;18;0,03
ASTROPHOTO_2018;18;0,03
Utopie constructives;18;0,03
Photo production;18;0,03
0;18;0,03
SOIREE CHEZ SALOMEE (photo lucie) ;18;0,03
paris à sang;17;0,03
Classe Blanc de meudon;17;0,03
SWEAT 2021;17;0,03
ANNA;17;0,03
FEVRIER 2021;17;0,03
wetransfer_fw-10082022-015-modifier-jpg_2023-07-25_1318;17;0,03
Briques;17;0,03
04:01:22;17;0,03
affiche mots;17;0,03
03_PHOTO_CV_2324;17;0,03
PNG;17;0,03
Vegetation;17;0,03
Passages colorés;16;0,03
02_POSTDIPLOME;16;0,03
Experimentation;16;0,03
BOURSE DU COMMERCE;16;0,03
Sensation perceptives;16;0,03
ref cloisons;16;0,03
ILOTS (plans sol 1850);16;0,03
aout.PRV;16;0,03
docs;16;0,03
1x;15;0,03
Illustration Carte Sensible;15;0,03
DOCUMENTS COM;15;0,03
STAGGE 23;15;0,03
05_EDITO_OCTOBRE;15;0,03
PREZ_0404_ItineraSenssum;15;0,03
01_COUPE;15;0,03
Janvier 22 - De mes cendres.PRV;14;0,02
JACQUES;14;0,02
charlotte;14;0,02
EXPORT;14;0,02
INCENDIE AOUT 2022;14;0,02
PASSAGE COLORES;14;0,02
ScanAxel_2703;14;0,02
04-mai;14;0,02
INES;14;0,02
BOULLE 3.0;14;0,02
tututu;14;0,02
Zoom matière;14;0,02
Lettrages;14;0,02
Autres photos;13;0,02
Rendus 3D;13;0,02
PROJET;13;0,02
SCANS ROUGES;13;0,02
Hypothèses Organisation de l'espace;13;0,02
Situation, histoire;13;0,02
1_SENSIBLE;13;0,02
carte;13;0,02
TEXTURES HECTOR;13;0,02
dessin;13;0,02
COLLECTION;12;0,02
rendu photo;12;0,02
Charles Fregers;12;0,02
maquette finale photo osmo;12;0,02
txt;12;0,02
DESSINS SCANS;12;0,02
Archives iconogrqaphiques;12;0,02
goutte bleue;12;0,02
2021-10-17_004117;12;0,02
02_DOCS COM;12;0,02
RESSOURCES IMAGES;12;0,02
PROFIL ET FACE;12;0,02
02_PortfolioEspace_JOUSSETColine;12;0,02
processus;11;0,02
00_C_ENSCI;11;0,02
Depliant Explicatif;11;0,02
shoot 2;11;0,02
scann texture;11;0,02
REFS;11;0,02
WORKSHOP DUPERRE;11;0,02
Impression textures;11;0,02
Impressiontest;11;0,02
photo maquettes recherche;11;0,02
ELISABETH;11;0,02
Piscine VERT CLAIR;11;0,02
06_GRAPHS;11;0,02
04-avr;10;0,02
VIDEO instru raelsan;10;0,02
VUES_2106;10;0,02
bassin poisson;10;0,02
video maquette finale;10;0,02
CADASTRE;10;0,02
Mockup;10;0,02
mai-21;9;0,02
EXPE;9;0,02
18:07;9;0,02
papa ;9;0,02
ARCHIVES;9;0,02
tissage;9;0,02
LINE_02;9;0,02
TSF_SCENOGRAPHIER LA PLANTE;9;0,02
FINAUX;9;0,02
moodboard;9;0,02
ENSAAMA 1.0;9;0,02
2;9;0,02
vignettes univers;8;0,01
Documents com;8;0,01
OEUVRES;8;0,01
Capture d'ecran;8;0,01
Isometrie;8;0,01
planche contact expe lumières;8;0,01
Inscription;8;0,01
TSF_COIN LECTURE;8;0,01
11_BAZ;8;0,01
Nuancier Final;8;0,01
L'usager au coeur du square;8;0,01
Patrimoinne;7;0,01
Organisation de l'espace;7;0,01
Analyse urbaine;7;0,01
Carousel insta;7;0,01
SCANS CROQUIS;7;0,01
mars-21;7;0,01
bain;7;0,01
Infrastructures, usages;7;0,01
Recherche;7;0,01
Histoire;7;0,01
ART_MODELEVIVANT;7;0,01
Valentine Goby;7;0,01
photo seule;7;0,01
01_CARTE SOURCE;7;0,01
pull 23;7;0,01
photo neige 6 fevrier 2021;7;0,01
BATIT_COMMUNAUTEE;7;0,01
Nagori de l'été ;7;0,01
VERSIONS TEST;7;0,01
olineaire_V1final.PRV;7;0,01
maquette finale;7;0,01
INSPI CHAMBERY;7;0,01
09_EDITO_JANVIER;7;0,01
LINE_01;7;0,01
Screenshot;7;0,01
00_D_ESTIENNE;7;0,01
Tableau photo efnance;7;0,01
04_MUSIQUES;6;0,01
AV22;6;0,01
fin nov;6;0,01
test_21avril;6;0,01
06-mai;6;0,01
JANVIER;6;0,01
RENDU MOBILIER EXPO;6;0,01
01_RECHERCHES;6;0,01
SCANS;6;0,01
20mars_vers1;6;0,01
Type de locaux;6;0,01
06_MAQUETTE;6;0,01
COVER LDF;6;0,01
IBMH post;6;0,01
juil-21;6;0,01
photo toit;6;0,01
ecole boulle txt;6;0,01
story insta exports;6;0,01
VUES260623;6;0,01
HAUTES  LUMIERES;6;0,01
22-mars;6;0,01
Dossier Chambre_L2_diapo;6;0,01
maquette finale sans veggeg;6;0,01
Photo_2024-04-28_224757;6;0,01
TECHNO_CARNETTECHNIQUE-ESTHETIQUE;6;0,01
Gamme colorée;6;0,01
photos ;6;0,01
CV 2022;6;0,01
olineaire22222.band;6;0,01
TSF_ANALYSE CREATIVE;6;0,01
materiaux;6;0,01
2021-11-17_221636;6;0,01
Buron Anouchka;5;0,01
Selection;5;0,01
Times laps ect;5;0,01
GRECE MAI 22;5;0,01
prop1_vues;5;0,01
PEEPING TOM;5;0,01
proto:hypotheses;5;0,01
oui;5;0,01
Contexte urbain;5;0,01
ART_kinsugig;5;0,01
CERFA STOUEN;5;0,01
NOEL MARROU;5;0,01
vanité;5;0,01
SAINT DIZIER;5;0,01
NOVEMBRE;5;0,01
02_VIDEO;5;0,01
02_PROJETS REFS;5;0,01
240418_Lettre motivation;5;0,01
00_F_ENSAAMA;5;0,01
03_PERSO;5;0,01
verre d'eau versé;5;0,01
2022;5;0,01
DOCS UTILES;5;0,01
PHOTO ORIGINELLE;5;0,01
Réf 1;4;0,01
SCAN DESSIN;4;0,01
REF 2;4;0,01
Dossier HTIS_2024_UE19 MEMOIRE_JOUSSET Coline_231221;4;0,01
HISTOIRE;4;0,01
posts;4;0,01
2020;4;0,01
COEUR;4;0,01
Charles Freger;4;0,01
Analyse CADT;4;0,01
ECO-BIO;4;0,01
Dossier PDF_elite;4;0,01
00_B_BOULLE;4;0,01
05_PHOTOSTELECHARGEMENT;4;0,01
Photo_2024-04-29_233301;4;0,01
00_E_ENSADO;4;0,01
VIDEO2016;4;0,01
Climat et lumière;4;0,01
SCANS ;4;0,01
chambre;4;0,01
Dossier 240223_Portfolio_ENSAD;4;0,01
ORIGINALS;4;0,01
Ales 9.07.21;3;0,01
sleeping people;3;0,01
TRANSPORTS;3;0,01
document com;3;0,01
expe;3;0,01
pages classe;3;0,01
04_MATIERE. G;3;0,01
01_PORTFOLIO;3;0,01
V1 SCAN;3;0,01
ENSAD;3;0,01
Usagers;3;0,01
Running-Bond-Pattern-Cubes-tight-joints;3;0,01
03_AVISUSAGERS;3;0,01
LOGO Comité dossier Impression;3;0,01
LE ROUGE PARLE;3;0,01
Arnaud;3;0,01
01_DOCS;3;0,01
10_ILLU;3;0,01
AEROGRAPHE;3;0,01
PORTEFOLIO 2022;3;0,01
03_PLANS;3;0,01
"08_MAT G;";3;0,01
raw_light_wood_c2609630-f9b5-4a3e-a114-0675b92858c4;2;0
01_V1;2;0
03_RENDUS INTERMEDIAIRES;2;0
asphalt_road_48925a89-41d1-4f30-bd81-d7200054cbe7;2;0
CONTEXTE;2;0
2024-01-18_223243;2;0
albany_paint_flo_1f816ab5-d733-4383-8e72-cd75084864c9;2;0
maple_wood_textu_f9ab22f0-fbdc-43f0-ae00-c070962c5c48;2;0
230616_CHAMBERY_V2_CJ;2;0
LINE_03;2;0
00_A_ENSAD;2;0
Aout-Octobre 22;2;0
hessian_carpet_0_4c6817b5-a639-4e10-95f2-a31226c0b30b;2;0
Dossier page lorette projet;2;0
Dessins ;2;0
red_plaster_pain_c3399382-13f1-4734-81a2-1fb4b32241f4;2;0
oligne;2;0
INONDATIONS;2;0
ENJEUX PLU;2;0
external_floor_a_34df7e9f-9ba9-446f-b5d2-e7f54caeebcc;2;0
Peak Files;2;0
white_powder_coa_6485d412-fc83-4598-ac04-27cde41c63fe;2;0
plaster_white_f59ee1ba-b804-4b35-ae21-5862f10b7bc1;2;0
07_SOUTENANCE;2;0
PIECES JOINTES;2;0
VIDEOS SILHOUETTES;2;0
05_MOBILIER;2;0
00_ARCHIVES;2;0
03_ MISES EN PAGE ID;2;0
BOULOT THABIAN;2;0
306;2;0
COMPTE PRO INSTA;2;0
plaster_477dea92-e97a-4e38-a7e6-829cf7d53446;2;0
MEMOIRE;2;0
white_cotton_12fbda4b-7397-433f-bce2-79baaac290ac;2;0
Dossier JOLAIN Tatiana;2;0
10_DOCS IMPORTANTS;2;0
Lucie N_GANGA Dossier Gabarit_PageProjet;2;0
cailloux;2;0
29-avr;2;0
RAW;2;0
plaster_white_0fcbe6f7-a98c-4f98-beae-0739f411b9b5;2;0
bibbliotheque;2;0
PHOTOS MOI;2;0
Echeverria Thérèse;2;0
dossier svetlana;2;0
Enzo Audion;2;0
Dossier Page Jeanne;2;0
Macia Inés;2;0
fabric19_pbr_f684f9fc-5c1e-4254-9449-da8d26963e04;1;0
rth;1;0
tulle_procedural_81c449c5-579d-48da-bd20-6a236621f928;1;0
woven_wool_dcaea0d4-511d-4717-90bd-2ac26ef2cc2b;1;0
love_pattern_fab_8fa24ed1-9358-407a-97cc-bd737c429e06;1;0
balsa_wood_ef2851e6-5ea1-484a-bbf4-8ac8e9f5dc42;1;0
mattress_04_06519fce-562b-4042-8be2-bf99cd767161;1;0
fabric_pattern_0_affa6535-4734-4ace-95db-86ed2b941636;1;0
sweater_fabric_6c8f7c21-0c06-4d33-bacd-401a23ee5c64;1;0
fabric_upholster_f0676a04-55bb-4ff6-8ac0-667acf720428;1;0
mattress_02_e1670775-f12a-4f0e-8025-ebb19a3d2d54;1;0
metal_ea915e8f-92fb-4755-8781-ed8481af5e66;1;0
fabric_995e0aa0-b347-49f7-ba53-b09f2250623f;1;0
linen_01_6cb8795a-3846-4c8a-9b9f-5e961cd554bb;1;0
sisal_rope_c80921ca-f076-4538-97a4-8d91de1bb0e7;1;0
Audio;1;0
axel2;1;0
architectural_gl_ab5f9557-8bc9-4589-b800-ceee4edfe0a5;1;0
fabric_floor_e3227824-49a4-4350-8473-e6b09458627f;1;0
pine_wood_textur_d32d2c1d-b362-47a7-b538-7ddb02773c13;1;0
simple_crystal_e91b1ea2-eff2-457e-98da-e6fb41240eee;1;0
fabric_pattern_0_b49d673d-3247-40b0-be89-fe936b2eadf8;1;0
wood_711162c2-5e97-46a2-96ae-e13e8f218a6d;1;0
plaster_texture_4e6cda5e-7dac-4a40-96a1-ff57fca99263;1;0
loop_pile_carpet_71bafde7-eb4e-4b83-8bf2-7ffb55ef99de;1;0
fabric_05_3dda8b23-db12-478e-8fb6-d8caea4257a6;1;0
wood_a1186eb8-a4cd-4a02-bf72-5e71b8de2bab;1;0
a_simple_4k_whit_619a026f-fc52-4b98-b680-33fc37a23a75;1;0
wood_5ba8bf6d-65da-41bb-80bb-5563983fb727;1;0
net_curtain_f00f4c8e-3751-476a-89d3-3323919ba9ee;1;0
FREELANCE;1;0
plant_pot_big_b6a53708-55d4-4a1c-961e-deedec48715a;1;0
leather_9b0c7213-ec6d-4543-b138-263a90056afb;1;0
pine_wood_ba3a205a-6e76-46a9-96b0-ee3a93ee0699;1;0
wet_poured_concr_3486cddc-1546-4721-be9a-bc4e4a167584;1;0
tree_trunk_bark__e71e2c3e-d261-435c-a635-dd3b575c4132;1;0
asphalt_damaged_673996cd-eef9-4ef7-8b3d-76ad982ef1c3;1;0
wet_asphalt_b48c1f7d-99c2-4707-b26b-ed086d695f6d;1;0
fabric_02_166e2f35-73be-43cd-a66a-d9672caee91e;1;0
procedural_stree_abcc402c-0d91-46f0-b787-e0884e81a312;1;0
untreated_pine_p_8b0db1f1-dda7-4205-b408-30584a9a2493;1;0
grass_02_0fdffbaa-8df8-4e33-ba80-cb9407e29b4d;1;0
metal_3a36da7a-c3cd-467e-8b99-756339c3abba;1;0
automotive_led_l_d655a57c-605c-49ed-83cb-543cd79f8190;1;0
lamp_screen_plas_adcfbc51-b2c9-412a-a702-ea711fddd0c8;1;0
wood_painted_whi_8bec1784-430a-4042-b7c5-a7d6b33dcf31;1;0
wet_mud_7c10f393-5f33-4413-9239-0a8d6e4a949f;1;0
pm-leaf_eb6eb4c8-3b4c-44c9-8cdc-68fded42c184;1;0
roten_wood_5e3deb31-c97f-4ac9-b936-f1f0a28b3c84;1;0
glass_7e0287d7-de7a-4465-8f46-544f1e8de05f;1;0
led_display_shad_a2c63c8b-e396-49aa-906d-21c546c0ad6f;1;0
metal_rust_rope_6ecf4571-74b8-4e97-b294-cd09db20700a;1;0
dark_wood_76653bdf-b84a-4f30-aa09-7444570abd41;1;0
wet_ground_a939778d-3c61-4cf9-8f58-65319109e6ec;1;0
wet_road-freepol_38c95d95-4591-4497-bc07-2dc4ab14beec;1;0
glass_-_optimize_bce507bd-6de0-4974-b50a-13521ae3aa26;1;0
wood_2fe5e131-98f0-42cf-aacf-1f9095b95a6c;1;0
TEXTURES ENCRE CHINE;1;0
straw_basket-02_1645a3c8-a189-44e3-8281-386097111053;1;0
armchair_barcelo_597adc48-bab0-4b0c-b50f-f63853f76830;1;0
plaster_-_brushe_a689b21f-ba21-43c4-9b03-d19ba46f0238;1;0
plaster_white_ir_7185de0c-6f64-4117-ba52-59b653065b00;1;0
beige_rug_cad81f6f-1180-409d-beae-c1192d9a6a3f;1;0
procedrual_cemen_1d713db8-7b46-4763-8585-863c8ea9a0ca;1;0
carpet_ab1d63da-84e6-49ca-aff7-e1afcc462b19;1;0
old_book__the_se_a5f43b54-7efa-467d-8a56-0f6993b38bba;1;0
asphalt_damaged_ac71b04c-8d79-4838-aaf9-2415a4a0c6cb;1;0
lamp_dd3b6fb3-f8fc-4d4c-a57b-f09bd3a42e0a;1;0
plant_a7714cfb-ff58-416b-835c-30744238215b;1;0
small_wooden_she_777647cf-ff40-4e5b-9ca9-3d6ff1e87010;1;0
pillow_5fcb649d-028f-404b-9636-df089db44496;1;0
glass_and_gold_p_2b6d71fa-6e5d-4704-856c-a5cc9846bf0e;1;0
arched_floor_lam_2548913d-d2b4-4339-a6b3-9ac2565e1c68;1;0
old_book__the_gr_0df7fa14-6b0a-40fc-92cb-eec9cc796e9f;1;0
oil_and_vinegar_83c700b7-001c-4655-849c-449e9736d849;1;0
black_vase_set_31f96b6c-3735-436c-bc15-7ab4b81b4813;1;0
censer_vase_651c4173-52a0-455d-a6f3-dd534222c9a1;1;0
AOUT 2021;1;0
modern_bed_a4b356c4-7e66-4a10-97fa-50a30a307240;1;0
kinfolk_magazine_95209e06-d890-439e-9c6a-e4897331591f;1;0
stacked_set_of_b_bee6328d-42d4-4f5a-8731-b8c47544be06;1;0
screen_fcbf77fe-39bc-4c47-9fe2-277df1aaded5;1;0
car_windshield_g_bae04421-b048-46d5-89f4-9dfbcf5d96e9;1;0
ADRESSE_PREMIUM;1;0
Album Hugo TSR;1;0
MEMOIRE 23;1;0
moon_75ecfdd6-395e-4d31-a173-8b9e0de1d1f4;1;0
procedural_plast_68856af8-d0a2-44f3-9edc-b013e83cece3;1;0
mdf_antiqua_-_gu_714f222d-af42-46fb-b505-779ef20e67cc;1;0
clay_gray_428a1e19-e25f-4d01-afec-7264dca6b9e8;1;0
Anouk Jourdan-Dorster;1;0
grouillots;1;0
PMOP;1;0
Movie Files;1;0
mdf_western_-_ar_e2f7f8fe-164c-419e-ba89-a5fedbdb52af;1;0
REF 4;1;0
diamond_glass_sh_875b0e4b-f083-468a-9ad4-6d3f57b0f453;1;0
Document 1;1;0
BOULLE 1.2;1;0
test24;1;0
wavy_abstract_wh_db78bf1b-83d0-4d4b-9873-2d5a67a0c0fd;1;0
1_SCANS CARNET_0124;1;0
metal_wire_mesh_9173bf39-1e7d-46a1-8d62-ed2349dcab29;1;0
4''33';1;0
plastic_glass_sh_3973c5be-a06a-4432-9c5e-d23cf79760b4;1;0
VERALIA;1;0
worn_metal_paint_4a0df47d-6e48-4888-82ba-7aa83aea8b05;1;0
stucco-wall_fe09e4aa-b8bb-4542-8ce0-57ec962afd9e;1;0
dirty_old_walls__12ca4c77-1a75-415a-ac18-30802892aee7;1;0
procedural_groun_02894609-1269-4a9a-bb38-f617df4ca312;1;0
frosty_glass_e7de9195-47f0-4413-86b9-9eeca34aaae7;1;0
old_white_metal_97da47e0-10b9-4b10-85fe-e2390a3e9e9d;1;0
white_painted_wo_17fabb69-f2d5-41e4-a10f-1654e1bed115;1;0
black_metal_pain_9c7bbe9e-6c64-4d8e-99b9-8384cdce1d33;1;0
black_nickel_f92190f5-b377-4a44-8dab-9ae14c5a132f;1;0
fine_leather_whi_14db89a8-bee8-4949-85eb-96ba266a1512;1;0
black_painted_wo_4ca84283-3aa7-4c66-9dfe-3c853e361453;1;0
concrete_floor_59f34fc1-fbb2-4895-a8f9-438750f7bd5b;1;0
plaster-wall_48c8f818-1ec7-4713-9e1e-503b69861010;1;0
wood_71d9b58f-e497-4f6f-8762-997bf2420439;1;0
semi-realistic_g_7ed0ce80-20cc-4953-ba93-0f58f8382dec;1;0
plywood_cob_pres_50450383-46fe-43d0-a5e6-419ef2af6021;1;0
painted_wood_7ce630e4-0022-433c-b945-8e50b85fa899;1;0
cracked_floor_wa_527eba5d-e9f9-41ea-ba8d-26af85c45a0f;1;0
stone_260c47c4-2151-4976-845a-71dc61b53615;1;0
net-5_cc1167b8-f956-4647-9c65-c35034b78e49;1;0
paving_with_gras_91a18bd4-6c7a-4ef6-ad0d-b771fcad0d56;1;0
mesh-drill_e339608a-540d-4f76-a68a-a07ecc044d6f;1;0
VUESCHAMBERY_2206;1;0
blister_plastic__1f094dbb-fbb0-4572-a36b-31037ff07c04;1;0
worn_concrete_1f117245-df21-4cdd-b0c9-a58f4bbde9f2;1;0
GEOPORTAIL DATA;1;0
paving_stones_9aaf29c7-1aba-43a3-9aad-df79a7488987;1;0
Dossier 240823_DIAGNOSTIC_PREZ;1;0
Dossier 240823_DIAGNOSTIC_LIVRET2;1;0
11_ZINE;1;0
230622_CHAMBERY_PROP2_CJ copie_fichiers_incrustés;1;0
Dossier 231209_EditoSept;1;0
concrate_ec0dddab-f6a9-4a2f-b8a7-36f08fa58098;1;0
08_VERSION_INTERMEDIAIRES;1;0
fabric_pattern_0_5fd111d4-6ed3-450e-bded-604dcbdffa34;1;0
street_pavement_9d9ef552-82a4-40c1-b56d-0a033c29c061;1;0
240417_Assemblage_Portfolio;1;0
cool_glass_b81c1d55-b5f6-4552-887d-99225c4c47c0;1;0
translucent_plas_52f30899-c0de-4cca-b76d-d351f3e8c1aa;1;0
03_PREZ_WIP;1;0
books_8f5cb1e6-9ccb-4797-902d-405f8b474b73;1;0
acrylic_glass_5ec5282a-4af3-4a7b-a72f-faec0e1fbe0c;1;0
00_MATERIALITÉ;1;0
4x;1;0
SIGNALETIQUE_IPNPanneaux_fichiers_incrustés;1;0
cracked_road_950c8692-2ff4-4426-a168-7bb2d1fc418e;1;0
acid-treated-met_c100d8f6-039a-4c35-867d-711f631d4abf;1;0
concrete_36c04697-aa80-4693-9076-6698b68f4008;1;0
metal-wire-mesh_9173bf39-1e7d-46a1-8d62-ed2349dcab29;1;0
square_paving_st_2c0a6bb9-180c-4e0d-9875-18fa2ffaaeab;1;0
metal-mesh_8c4fbf6c-9972-4028-9b05-6e6cc762264e;1;0
ground_7daec0c0-2191-4d3b-846c-2f79c73b64bb;1;0
fabric_mesh_19bf2419-46a1-4aae-be6a-e91d4c79af69;1;0
ground_4_4e37fdf8-0d95-4957-9d7e-7b0a33056686;1;0
road_crushed_sto_0b8a57ba-8224-4b81-a615-9bba5d6181f4;1;0
orange_plastic_9ce5fd8a-1480-4972-8d1d-703d50cf8736;1;0
cracked_concrete_abba7b18-63b3-4f5a-afd0-052429a48cf5;1;0
metal_wire_mesh_3b73c9ea-5167-4410-9252-712ce1cded0d;1;0
dark_street_or_r_1429ba48-6bb6-4413-9f18-9533a5df974f;1;0
concrete_wall_17698a14-ae19-4979-a402-7f12fcdc7f62;1;0
metal-mesh-grid_bf6ac4de-e309-41dc-99aa-1c6671ab34c7;1;0
procedural-metal_c8b1b619-bf8d-4127-a69b-0f2db1629f3a;1;0
stone_98ec092a-9c65-4e1d-85d3-06c72c382c56;1;0
car_leather_red_ac2982ea-2420-4f70-bcd7-0005aa32acc9;1;0
realistic_glass__f91af097-c906-4c43-b9ff-5305520b7d3d;1;0
concrete_dirt_79567f64-45f5-4afe-a1ee-df1748baa9dd;1;0
holo_grid_e595f4e5-4238-4024-9067-e08c167bb2b6;1;0
bricks_red_a6b52c4f-2dbc-4bb7-bf48-f140ba4714c4;1;0
metal_wire_6390391f-4aac-4205-a4ab-1ff1bfee3454;1;0
expe3DD;1;0
Dossier Diag_doc;1;0
grass_01_0aa2d510-f527-4d85-9bc4-42a512fcf37e;1;0
dark_iron_6ceeed72-0a91-4f3e-aed7-310232fdaa95;1;0
pebbles_v2_d402bb2f-1bbf-4b0c-9c06-7a3075f763cf;1;0
road_with_dashed_5d5391aa-29ec-4b01-9f18-4c6c79f0fcea;1;0
procedural_concr_8ee8127d-91d4-4573-9fd8-e9c3c970acf3;1;0
colorful_plants__89b977e7-7252-4aeb-a428-36a9c067f859;1;0
grass_material_cd6e69c6-12cf-4de5-b903-7ef438fad641;1;0
dirt_ground_mate_48ef0a06-897c-427c-b369-bc9b5d97018e;1;0
mossy_ground_b89d57dc-7a83-4891-9731-a1f0dc68af85;1;0
ground_7464756b-12a1-4790-b752-2c2b3dc5b375;1;0
procedurally_see_ef38a04e-42f8-45ae-942b-71b1d8b94f4d;1;0
asphalt_c59f6809-b9f4-4a19-92c3-c4cecbe7855b;1;0
ground_sidewalk__763f7ade-8fa3-42b7-8b2b-74305d30c58d;1;0
stylized_concret_3e5b6ed8-aece-46f7-96fe-6c27ce153091;1;0
bricks_e8f85678-e4e0-4aca-a177-b98ef181f0ba;1;0
walnut_wood_ba510509-b6aa-45b4-8d8d-7b3d1fdc220a;1;0
bricks_stylized__66a5e5a7-aeff-41bb-9001-5d4e19deb04f;1;0
chair_-_wood_a5bc5d38-629c-4733-9ed9-5db4d29da30d;1;0
aluminium_used_02b245b2-67fc-4808-90a3-b4caf64ed39e;1;0
old_wood_d3cd9922-7ff6-4083-bd37-bb270f32ec4e;1;0
wood_e88e8264-835e-422c-b1f1-c0f0ccf30bab;1;0
brushed_aluminiu_b921bb71-d529-48dd-8d7c-b846041fec1b;1;0
milk_white_glass_64cda8c5-ef28-42cc-8844-53334257c1db;1;0
rock_wall_7c4c06c9-1f0b-4b61-bc95-feff4844a545;1;0
brass_antique_d0f11899-f30c-48bf-8a9a-1e4b25323ea8;1;0
procedural_frost_c9083ee5-464f-42f5-9b57-15ff8b3ae393;1;0
brass_bdc02aea-2d20-4dfb-aa83-1fd62f1fefeb;1;0
scanned_old_ston_7a08bf29-bd9b-49fa-849e-1659a4aebfaf;1;0
brass__-_brushed_80fe5df8-dcee-4600-915c-f97208f1f002;1;0
woman_01_fe272f82-52c4-4192-aec4-e5143be15e68;1;0
man_01_b8e1a888-9b9b-44be-b2b5-91744e80bd64;1;0
walking_stick_1646b3a3-e1da-4e6a-8736-94f78bce125c;1;0
wood_parquet_c25c2e7e-739c-46a1-adf6-b05494b3d65c;1;0
york_stone_pavin_23744fe0-340e-48e3-b997-6b6885425689;1;0
procedural_groun_3c9266aa-a9a4-4637-a04d-c6383f507e07;1;0
grass_and_stones_f98fcfb8-1e25-4de5-8220-ab67617d8916;1;0
matte_paint_e9fda150-938b-446b-9efe-2758c90619b9;1;0
ivy-particle-pre_050c8089-cca6-4753-87be-509ce4f88a40;1;0
laminate_floor_eeb58e38-0a6a-460a-a649-c5db9752be0f;1;0
plaster_wall_mat_f1ae78ac-83ce-4688-8985-394182c11465;1;0
orange_grain_pla_ae9282ba-c645-4bb2-8f93-2a2a629b2728;1;0
procedural_satin_58718f42-6d4c-419a-8a20-382a6ac60db4;1;0
metal_tiles_01_64037310-6cce-41c6-85f8-76752b08e73d;1;0
fabric_355efd28-5087-47d7-aa26-46e7e9469c49;1;0
decoratiive_tile_72f43285-5259-44b0-80aa-0b0ee755c68c;1;0
orange_terracott_95202d37-b493-48ee-ac6f-ac246118380b;1;0
human_walking_1__e4b5c50d-abf0-473a-8b69-1c38b9318578;1;0
bedrock_stone_49421e3d-ba3c-414f-8dbc-46f2ab761f3d;1;0
wooden_chair_065b5b08-0f36-43d6-b998-8592efa76d8f;1;0
female_body_refe_d80151a2-f21f-47f2-ba4d-eb30290aabde;1;0
metal_cddccf51-dd6b-40e4-b9c7-3c4ab4371be6;1;0
rubber_black_13ad6c74-f4ff-4f2a-a3e4-d313b491c39a;1;0
metal_scratched_59af9320-f84e-4666-ab68-6f9b1331dc2e;1;0
red_painted_meta_b6f91ed8-4ac8-4ca2-9330-90e14e997de0;1;0
painted_wall_sim_65d810b0-bd5d-4a74-b33d-5f5b330c2f15;1;0
old-concrete_243aad84-7053-4d79-94f7-e8d4d45078d1;1;0
concrete_tiles_0_734ffa9e-11d6-4ac6-91fb-e82d8d79f997;1;0
mosaic_tiles_ada64e96-dbd0-421e-a38c-212de4b938be;1;0
toilet_paper_dis_f4756589-6735-4065-9f4a-0dba40f5ec51;1;0
black_wall_light_2e85a84c-2366-4ed2-a020-6c900a827505;1;0
Analyse SENSIBLE;1;0
Analuse URBAINE;1;0
black_shower_sys_e439b1f1-5437-49f4-bba0-3504c6fee93b;1;0
child's_drawing__64cd341a-9d54-42a0-a139-0f9b2f415717;1;0
floor_flooring_f_be630a4e-83eb-41d0-8049-6a1cf5ddea6d;1;0
child's_drawing__1be7f326-3bd7-4fec-b731-4f87e50ce397;1;0
jabuticaba_penda_47a97d43-58f4-4ae6-8db5-c0ba3d80f812;1;0
pen_holder_1b3dd8eb-7b57-45ba-a943-cdc7f33d4689;1;0
toy_wooden_puppe_318476b8-0a49-401a-bb6e-41646bbf7bd2;1;0
bathroom_furnitu_0bf2f7e7-074f-4c44-9680-c98c779701be;1;0
standard_uk_toil_e829ef3b-c810-4034-ac4b-9c655e6ad3d5;1;0
wicker_basket_fi_ac8f97b7-29ac-427e-951f-4a23cdbef7f1;1;0
pin_light_460583c9-17ad-4c76-9eef-b2908c39578b;1;0
wall_lamp_e81df569-468c-45fc-81b5-2e73b7b2cb3c;1;0
cardboard_kids_d_50430558-e9b8-46d9-99a7-b3e11a14adc8;1;0
child's_drawing__1c0ed594-bd1f-45e7-a0ae-845ab043ad53;1;0
metal_rectangula_01df30af-e722-4dda-b1e2-9679f33ca6f0;1;0
rough_iron_steel_56f87f76-a35a-486d-bf41-2b114a902692;1;0